prediction_id,cancer
10008_L,0.98697925
10008_L,0.98637664
10008_R,0.98787045
10008_R,0.9872852
